jersey_number,nationality_name,name,birth,high,weight
1,Аргентина,Франко Армани,16.10.1986,189,85
12,Аргентина,Херонимо Рульи,20.05.1992,189,80
23,Аргентина,Эмилиано Мартинес,02.09.1992,190,90
2,Аргентина,Хуан Фойт,12.01.1998,179,69
3,Аргентина,Николас Тальяфико,31.08.1992,172,65
4,Аргентина,Гонсало Монтиель,01.01.1997,175,70
6,Аргентина,Песселья Х.А.,27.06.1991,187,82
13,Аргентина,Кристиан Ромеро,27.04.1998,185,79
19,Аргентина,Николас Отаменди,12.02.1988,183,78
25,Аргентина,Лисандро Мартинес,18.01.1998,178,77
26,Аргентина,Науэль Молина,02.12.1997,175,70
18,Аргентина,Гвидо Родригес,12.04.1994,185,78
5,Аргентина,Леандро Паредес,29.06.1994,180,75
7,Аргентина,Родриго де Пауль,24.05.1994,178,78
8,Аргентина,Маркос Акунья,28.10.1991,172,66
11,Аргентина,Анхель Ди Мария,14.02.1988,180,75
14,Аргентина,Эксекиэль Паласиос,05.10.1998,177,70
15,Аргентина,Анхель Корреа,09.03.1995,171,70
20,Аргентина,Алексис Макаллистер,24.12.1998,176,70
24,Аргентина,Энцо Фернандес,17.01.2001,18,75
16,Аргентина,Альмада,26.04.2001,171,0
9,Аргентина,Хулиан Альварес,31.01.2000,170,71
10,Аргентина,Лионель Месси,24.06.1987,170,72
17,Аргентина,Алехандро Гомес,15.02.1988,167,68
21,Аргентина,Пауло Дибала,15.11.1993,177,73
22,Аргентина,Лаутаро Мартинес,22.09.1997,174,72
0,Португалия,Руй Патрисиу,15.02.1988,190,84
0,Португалия,Жозе Са,17.01.1993,192,84
0,Португалия,Диогу Кошта,19.09.1999,186,80
0,Португалия,Пепе,26.02.1983,188,81
0,Португалия,Рафаэль Геррейру,22.12.1993,170,71
0,Португалия,Жуао Канселу,27.05.1994,182,80
0,Португалия,Вильям Карвалью,07.04.1992,187,79
0,Португалия,Диогу Далот,18.03.1999,184,75
0,Португалия,Нуну Мендеш,19.06.2002,183,62
4,Португалия,Рубен Диаш,14.05.1997,187,83
24,Португалия,Антонио Сильва,30.10.2003,187,0
0,Португалия,Витинья Ф.,13.02.2000,172,65
0,Португалия,Бруну Фернандеш,08.09.1994,179,74
0,Португалия,Бернарду Силва,10.08.1994,173,70
0,Португалия,Рубен Невеш,13.03.1997,180,80
0,Португалия,Данилу Перейра,09.09.1991,188,80
0,Португалия,Отавио Эдмилсон,09.02.1995,172,65
0,Португалия,Жоау Пальинья,09.07.1995,190,83
0,Португалия,Матеуш Нунеш,27.08.1998,183,78
17,Португалия,Жоау Мариу,19.01.1993,179,72
23,Португалия,Феликс Ж.,10.11.1999,181,70
0,Португалия,Криштиану Роналду,05.02.1985,185,75
0,Португалия,Рикарду Орта,15.09.1994,173,71
0,Португалия,Рафаэль Леан,10.06.1999,188,81
9,Португалия,Андре Силва,06.11.1995,184,78
9,Португалия,Рамуш Г.,20.06.2001,185,77
1,Германия,Мануэль Нойер,27.03.1986,193,92
12,Германия,Кевин Трапп,08.07.1990,189,88
22,Германия,Тер Штеген,30.04.1992,187,85
2,Германия,Антонио Рюдигер,03.03.1993,190,85
5,Германия,Тило Керер,21.09.1996,186,76
15,Германия,Никлас Зюле,03.09.1995,195,97
20,Германия,Кристиан Гюнтер,28.02.1993,185,88
23,Германия,Нико Шлоттербек,01.12.1999,191,86
25,Германия,Армел Белла-Кочап,11.12.2001,190,87
16,Германия,Лукас Клостерман,03.06.1996,187,88
3,Германия,Давид Раум,22.04.1998,180,75
4,Германия,Маттиас Гинтер,19.01.1994,187,72
6,Германия,Йозуа Киммих,08.02.1995,176,73
7,Германия,Кай Хаверц,11.06.1999,189,82
8,Германия,Леон Горецка,06.02.1995,189,76
10,Германия,Серж Гнабри,14.07.1995,175,75
11,Германия,Марио Гётце,03.06.1992,176,75
13,Германия,Томас Мюллер,13.09.1989,186,75
17,Германия,Юлиан Брандт,02.05.1996,185,83
18,Германия,Йонас Хофманн,14.07.1992,176,67
19,Германия,Лерой Сане,11.01.1996,183,80
21,Германия,Илкай Гюндоган,24.10.1990,178,80
14,Германия,Джамал Мусиала,26.02.2003,164,54
9,Германия,Никлас Фюллькруг,09.02.1993,189,83
24,Германия,Карим Адейеми,18.01.2002,177,67
26,Германия,Юссуфа Мукоко,20.11.2004,172,75
0,Коста-Рика,Эстебан Альварадо,28.04.1989,193,83
0,Коста-Рика,Патрик Секейра,01.03.1999,190,70
1,Коста-Рика,Кейлор Навас,15.12.1986,184,78
0,Коста-Рика,Кейшер Фуллер,12.07.1994,183,0
0,Коста-Рика,Карлос Мартинес,30.03.1999,176,0
6,Коста-Рика,Дуарте О.,03.06.1989,186,81
8,Коста-Рика,Брайан Овьедо,18.02.1990,172,70
15,Коста-Рика,Кальво Ф.,08.07.1992,181,80
19,Коста-Рика,Кендалл Уостон,01.01.1988,196,86
22,Коста-Рика,Матаритта,09.07.1994,175,70
0,Коста-Рика,Варгас Х. П.,06.06.1995,192,0
0,Коста-Рика,Герсон Торрес,28.08.1997,176,0
0,Коста-Рика,Дэниел Чакон,11.04.2001,183,0
0,Коста-Рика,Юстин Салас,17.06.1996,173,0
0,Коста-Рика,Роан Уилсон,01.05.2002,184,0
0,Коста-Рика,Брэндон Агилера,28.06.2003,181,0
0,Коста-Рика,Дуглас Лопес,21.09.1998,180,0
0,Коста-Рика,Альваро Самора,09.03.2002,183,0
11,Коста-Рика,Йохан Венегас,27.11.1988,183,78
17,Коста-Рика,Ельцин Техеда,17.03.1992,179,79
0,Коста-Рика,Джуисон Беннетт,15.06.2004,175,0
0,Коста-Рика,Энтони Эрнандес,11.10.2001,180,0
5,Коста-Рика,Сельсо Борхес,27.05.1988,186,79
0,Коста-Рика,Энтони Контрерас,29.01.2000,180,0
10,Коста-Рика,Брайан Руис,18.08.1985,188,78
12,Коста-Рика,Жоэль Кэмпбелл,26.06.1992,178,71
0,Камерун,Симон Нгапандуетбу,12.04.2003,187,73
16,Камерун,Эпасси,02.02.1993,187,82
24,Камерун,Андрэ Онана,02.04.1996,190,82
0,Камерун,Николя Н`Кулу,27.03.1990,184,77
0,Франция,Кристофер Ву,18.09.2001,185,78
2,Камерун,Энцо Эбосс,11.03.1999,185,75
17,Камерун,Оливье Мбезо,15.08.1997,178,70
18,Камерун,Мартин Онгла,16.03.1998,181,77
19,Камерун,Коллинс Фаи,13.08.1992,167,60
21,Камерун,Жан-Шарль Кастеллетто,26.01.1995,185,77
25,Камерун,Нуху Толо,23.06.1997,178,79
0,Камерун,Гаэль Ондуа,04.11.1995,185,80
0,Франция,Жорж-Кевин Н`Куду,13.02.1995,172,68
0,Франция,Нтшам,09.02.1996,180,80
0,Камерун,Мбекели,30.09.1998,0,0
8,Камерун,Андре-Франк Замбо-Ангисса,16.11.1995,184,78
11,Камерун,Кристиан Бассогог,18.10.1995,178,70
14,Камерун,Самюэль Ив Ум Гуэ,14.12.1997,185,76
15,Камерун,Кунде,26.07.1995,180,79
0,Франция,Жан-Пьер Нсаме,01.05.1993,188,85
0,Франция,Бриан Мбемо,07.08.1999,171,70
0,Камерун,Суайбу Мару,03.12.2000,0,0
3,Камерун,Николя Нгамале,09.07.1994,181,70
10,Камерун,Венсан Абубакар,22.01.1992,184,79
12,Камерун,Карл Токо-Экамби,14.09.1992,185,70
13,Камерун,Эрик Шупо-Мотинг,23.03.1989,191,90
1,Саудовская Аравия,Аль Рубаи,14.08.1997,0,0
21,Саудовская Аравия,Мухаммед Аль-Увайс,10.10.1991,187,82
22,Саудовская Аравия,Наваф Аль-Акиди,10.05.2000,188,0
2,Саудовская Аравия,Султан Аль-Ганнам,06.05.1994,173,0
3,Саудовская Аравия,Абдулла Маду,15.07.1993,186,0
4,Саудовская Аравия,Абдулела Аль-Амри,15.01.1997,183,0
5,Саудовская Аравия,Али Аль-Булайхи,21.11.1989,182,80
6,Саудовская Аравия,Мохаммед Аль-Бреик,15.09.1992,0,0
12,Саудовская Аравия,Сауд Абдулхамид,18.07.1999,178,0
13,Саудовская Аравия,Ясир Аль-Шахрани,25.05.1992,171,62
17,Саудовская Аравия,Хасан Тамбакти,09.02.1999,182,0
24,Саудовская Аравия,Нассер Аль-Доссари,19.12.1998,178,0
15,Саудовская Аравия,Али Аль-Хассан,04.03.1997,176,0
26,Саудовская Аравия,Рияд Шарахили,28.04.1993,185,0
7,Саудовская Аравия,Салман Аль-Фарадж,01.08.1989,180,72
8,Саудовская Аравия,Абдулела Аль-Малки,11.10.1994,170,0
10,Саудовская Аравия,Салем Аль-Доссари,19.08.1991,175,62
14,Саудовская Аравия,Абдулла Отайф,03.08.1992,177,68
18,Саудовская Аравия,Наваф Аль-Абед,26.01.1990,0,0
19,Саудовская Аравия,Хаттан Бахебри,16.07.1992,170,68
23,Саудовская Аравия,Мохаммед Канну,22.09.1994,191,73
16,Саудовская Аравия,Сами Аль-Наджеи,07.02.1997,181,0
20,Саудовская Аравия,Абдулрахман Аль-Обуд,10.06.1995,174,0
9,Саудовская Аравия,Фирас Аль-Бурайкан,14.05.2000,181,0
11,Саудовская Аравия,Салех Аль-Шахри,01.11.1993,184,0
25,Саудовская Аравия,Моханад Асири,14.10.1986,178,69
1,Австралия,Мэтью Райан,08.04.1992,184,81
12,Австралия,Эндрю Рэдмэйн,13.01.1989,194,0
18,Австралия,Дэнни Вукович,27.03.1985,187,95
2,Австралия,Милош Дегенек,28.04.1994,187,82
3,Австралия,Натаниэль Аткинсон,13.06.1999,181,72
4,Австралия,Кай Роулз,24.06.1998,183,0
5,Австралия,Фран Карачич,12.05.1996,185,0
8,Австралия,Бэйли Райт,28.07.1992,184,82
16,Австралия,Азиз Бехич,16.12.1990,172,70
19,Австралия,Гарри Суттар,22.10.1998,200,79
20,Австралия,Томас Дэн,20.03.1997,182,0
24,Австралия,Джоэл Кинг,30.10.2000,179,78
26,Австралия,Кеану Баккус,07.06.1998,178,0
10,Австралия,Айдин Хрустич,05.07.1996,183,78
13,Австралия,Аарон Муй,15.09.1990,179,75
14,Австралия,Райли Макгри,02.11.1998,178,74
17,Австралия,Камерон Дэвлин,07.06.1998,170,68
22,Австралия,Джексон Ирвайн,07.03.1993,189,70
23,Австралия,Крэйг Гудвин,16.12.1991,180,0
6,Австралия,Мартин Бойл,25.04.1993,178,64
6,Австралия,Марко Тилио,23.08.2001,0,0
7,Австралия,Мэтью Леки,04.02.1991,181,82
9,Австралия,Джейми Макларен,29.07.1993,177,73
11,Австралия,Мабиль,15.09.1995,179,65
15,Австралия,Митчелл Дюк,18.01.1991,186,0
21,Австралия,Гаранг Куол,15.09.2004,175,0
25,Шотландия,Джейсон Каммингс,01.08.1995,178,68
1,Марокко,Яссин Буну,05.04.1991,195,80
12,Марокко,Мунир,10.05.1989,189,79
22,Марокко,Ахмед Таньяути,05.04.1996,186,70
2,Марокко,Ашраф Хакими,04.11.1998,181,73
5,Марокко,Найеф Агерд,30.03.1996,188,79
18,Марокко,Эль Ямик,29.02.1992,192,82
20,Марокко,Ашраф Дари,06.05.1999,188,0
24,Марокко,Бадр Банун,30.09.1993,193,79
8,Марокко,Аззедин Унахи,19.04.2000,182,72
3,Марокко,Нуссайр Мазрауи,14.11.1997,178,74
4,Марокко,Софьян Амрабат,21.08.1996,185,70
6,Марокко,Ромен Саисс,26.03.1990,188,84
11,Марокко,Абдельхамид Сабири,28.11.1996,186,80
13,Марокко,Илиас Хаир,30.10.1997,171,68
16,Марокко,Абде Эззалзули,17.12.2001,177,70
17,Марокко,Софьян Буфаль,17.09.1993,170,60
26,Марокко,Яхья Джабране,02.07.1991,0,0
7,Марокко,Хаким Зиеш,19.03.1993,181,65
15,Марокко,Селим Амалла,15.11.1996,180,70
23,Марокко,Билаль эль-Ханнус,10.05.2004,0,0
9,Марокко,Абдерасак Хамдалла,17.12.1990,179,71
10,Бельгия,Анас Зарури,07.11.2000,166,58
14,Марокко,Закария Абухлал,18.02.2000,179,74
19,Марокко,Юссеф Эн Несири,01.06.1997,188,73
21,Марокко,Валид Кеддира,22.01.1998,187,0
25,Марокко,Яхья Аттият-Аллах,02.03.1995,176,70
0,Уругвай,Себастьян Соса,19.08.1986,0,0
1,Уругвай,Фернандо Муслера,16.06.1986,190,90
23,Уругвай,Серхио Рочет,23.03.1993,190,82
0,Уругвай,Гильермо Варела,24.03.1993,173,70
0,Уругвай,Оливера М.,31.10.1997,184,78
0,Уругвай,Родригес Х. Л.,14.03.1997,0,0
2,Уругвай,Хименес Хосе,20.01.1995,185,80
3,Уругвай,Диего Годин,16.02.1986,187,80
4,Уругвай,Рональд Араухо,07.03.1999,191,91
17,Уругвай,Матиас Винья,09.11.1997,176,70
19,Уругвай,Себастьян Коатес,07.10.1990,196,92
22,Уругвай,Мартин Касерес,07.04.1987,182,78
0,Уругвай,Мануэль Угарте,11.04.2001,182,75
5,Уругвай,Матиас Весино,24.08.1991,187,80
6,Уругвай,Родриго Бентанкур,25.06.1997,185,73
7,Уругвай,Николас Де ла Крус,01.06.1997,167,65
8,Уругвай,Факундо Пельистри,20.12.2001,175,68
10,Уругвай,Хиорхиан Де Арраскаэта,01.06.1994,172,67
14,Уругвай,Торрейра,11.02.1996,166,65
21,Уругвай,Эдинсон Кавани,14.02.1987,184,71
0,Уругвай,Агустин Каноббио,01.10.1998,175,72
15,Уругвай,Федерико Вальверде,22.07.1998,182,78
0,Уругвай,Дарвин Нуньес,24.06.1999,187,78
9,Уругвай,Луис Суарес,24.01.1987,182,86
18,Уругвай,Максимилиано Гомес,14.08.1996,186,91
25,Уругвай,Факундо Торрес,13.04.2000,177,71
1,Тунис,Аймен Бальбули,14.09.1984,182,0
16,Тунис,Аймен Дамен,28.01.1997,188,83
22,Тунис,Бен Саид,29.11.1994,192,88
26,Тунис,Муэз Ассен,05.03.1995,184,70
2,Тунис,Билель Ифа,09.03.1990,182,74
3,Тунис,Монтассар Талби,26.05.1998,180,68
4,Тунис,Яссин Мерья,02.07.1993,188,0
6,Тунис,Дилан Бронн,19.06.1995,185,76
12,Тунис,Али Малул,01.01.1990,175,72
14,Тунис,Аисса Лаидуни,13.12.1996,183,75
24,Тунис,Али Абди,20.12.1993,183,73
5,Тунис,Надер Гандри,18.02.1995,194,88
21,Тунис,Важди Кешрида,05.11.1995,184,77
7,Тунис,Юссеф Мсакни,28.10.1990,179,73
8,Тунис,Ханнибал Межбри,21.01.2003,182,70
10,Тунис,Вахби Хазри,08.02.1991,182,78
13,Тунис,Ферджани Сасси,18.03.1992,186,80
15,Тунис,Бен Ромдане,06.09.1999,185,75
17,Тунис,Элье Скири,10.05.1995,185,69
20,Тунис,Мохамед Дрэгер,25.06.1996,178,72
18,Тунис,Гайлен Шалали,28.02.1994,179,75
23,Тунис,Наим Слити,27.07.1992,173,75
25,Тунис,Слимане А.,16.03.2001,188,80
9,Тунис,Иссам Жебали,25.12.1991,189,84
11,Тунис,Хенисси,06.01.1992,183,0
19,Тунис,Сейфеддине Жазири,11.02.1993,180,76
1,Сенегал,Сени Дьенг,23.11.1994,193,90
16,Сенегал,Эдуар Менди,01.03.1992,197,86
23,Сенегал,Альфред Гомис,05.09.1993,196,90
2,Сенегал,Формоз Менди,02.01.2001,191,80
3,Сенегал,Калиду Кулибали,20.06.1991,195,89
4,Сенегал,Сиссе Пап,14.09.1995,192,83
8,Сенегал,Шейху Куяте,21.12.1989,189,80
10,Сенегал,Муса Н'Диайе,18.06.2002,181,0
12,Сенегал,Фоде Бальо-Туре,03.01.1997,177,61
14,Германия,Исмаил Якобс,17.08.1999,183,75
21,Сенегал,Юссуф Сабали,05.03.1993,174,65
22,Сенегал,Абду Диалло,04.05.1996,186,79
26,Сенегал,Гуйе П.А.,24.01.1999,189,79
5,Сенегал,Идрисса Гуйе,26.09.1989,174,64
6,Сенегал,Нампали Менди,23.06.1992,167,73
11,Сенегал,Пате Сисс,16.03.1994,183,71
17,Сенегал,Папе Сарр,14.09.2002,181,74
18,Сенегал,Исмаила Сарр,25.02.1998,185,76
25,Сенегал,Лум Н’Диайе,30.12.1996,188,80
7,Сенегал,Николя Джексон,20.06.2001,186,78
13,Франция,Илиман Ндиайе,06.03.2000,180,70
9,Сенегал,Булайе Диа,16.11.1996,180,75
15,Сенегал,Крепен Диатта,25.02.1999,173,68
19,Сенегал,Фамара Дьедью,15.12.1992,190,80
20,Сенегал,Бамба Дьенг,01.09.2000,177,77
24,Сенегал,Мустафа Нам,05.05.1995,188,70
1,Бельгия,Тибо Куртуа,11.05.1992,199,96
12,Бельгия,Симон Миньоле,06.08.1988,193,88
13,Бельгия,Коэн Кастельс,25.06.1992,197,83
2,Бельгия,Тоби Алдервейрелд,02.03.1989,186,81
3,Бельгия,Артюр Теате,25.05.2000,191,81
4,Бельгия,Ваут Фас,03.04.1998,187,82
5,Бельгия,Ян Вертонген,24.04.1987,189,79
15,Бельгия,Тома Менье,12.09.1991,190,82
18,Бельгия,Амаду Онана,16.08.2001,192,85
19,Бельгия,Леандер Дендокер,25.04.1995,188,76
21,Бельгия,Тимоти Кастань,05.12.1995,180,80
26,Бельгия,Зено Дебаст,24.10.2003,191,83
6,Бельгия,Аксель Витсель,12.01.1989,186,81
7,Бельгия,Кевин де Брюйне,28.06.1991,181,68
8,Бельгия,Юри Тилеманс,07.05.1997,176,72
11,Бельгия,Карраско,04.09.1993,181,72
14,Бельгия,Дрис Мертенс,06.05.1987,169,61
16,Бельгия,Торган Азар,29.03.1993,175,71
20,Бельгия,Ханс Ванакен,24.08.1992,194,77
22,Бельгия,Шарль де Кетеларе,10.03.2001,185,74
10,Бельгия,Эден Азар,07.01.1991,175,74
9,Бельгия,Ромелу Лукаку,13.05.1993,191,95
17,Бельгия,Леандро Троссар,04.12.1994,172,69
23,Бельгия,Миши Батшуайи,02.10.1993,185,91
24,Бельгия,Луа Опенда,16.02.2000,174,66
25,Бельгия,Жереми Доку,27.05.2002,171,61
1,Хорватия,Доминик Ливакович,09.01.1995,186,79
12,Хорватия,Иво Грбич,18.01.1996,196,83
23,Хорватия,Ивица Ивушич,01.02.1995,195,85
2,Хорватия,Йосип Станишич,02.04.2000,186,77
3,Хорватия,Борна Баришич,10.11.1992,186,80
5,Хорватия,Мартин Эрлич,24.01.1998,192,85
6,Хорватия,Деян Ловрен,05.07.1989,188,84
19,Хорватия,Борна Соса,21.01.1998,186,77
20,Хорватия,Йошко Гвардиол,23.01.2002,185,82
21,Хорватия,Домагой Вида,29.04.1989,184,73
22,Хорватия,Йосип Юранович,16.08.1995,175,68
24,Хорватия,Йосип Шутало,28.02.2000,190,82
4,Хорватия,Иван Перишич,02.02.1989,186,80
7,Хорватия,Ловро Майер,17.01.1998,179,73
8,Хорватия,Матео Ковачич,06.05.1994,178,80
10,Хорватия,Лука Модрич,09.09.1985,172,66
11,Хорватия,Марцело Брозович,16.11.1992,181,73
13,Хорватия,Никола Влашич,04.10.1997,178,79
15,Хорватия,Марио Пашалич,09.02.1995,188,82
25,Хорватия,Лука Сучич,08.09.2002,185,80
26,Хорватия,Кристиян Якич,14.05.1997,181,78
9,Хорватия,Андрей Крамарич,19.06.1991,177,73
14,Хорватия,Марко Ливайя,26.08.1993,183,72
16,Хорватия,Бруно Петкович,16.09.1994,192,88
17,Хорватия,Анте Будимир,22.07.1991,190,75
18,Хорватия,Мислав Оршич,29.12.1992,175,66
1,Эквадор,Эрнан Галиндес,30.03.1987,188,90
12,Эквадор,Мойзес Рамирес,09.09.2000,185,0
22,Эквадор,Александер Домингес,05.06.1987,195,80
3,Эквадор,Пьеро Инкапье,09.01.2002,184,66
4,Эквадор,Роберт Арболеда,22.10.1991,178,70
7,Эквадор,Первис Эступинан,21.01.1998,175,73
14,Эквадор,Хавьер Арреага,28.09.1994,183,75
17,Эквадор,Анхело Пресиадо,18.02.1998,178,74
18,Эквадор,Паласиос Д.,12.07.1999,169,65
25,Эквадор,Джексон Поросо,04.08.2000,192,88
2,Эквадор,Феликс Торрес,11.01.1997,188,78
5,Эквадор,Хосе Сифуэнтес,12.03.1999,179,0
6,Эквадор,Уильям Пачо,16.10.2001,187,81
8,Эквадор,Карлос Груэсо,19.04.1995,173,71
9,Эквадор,Айртон Пресиадо,17.07.1994,182,71
15,Эквадор,Анхель Мена,21.01.1988,168,67
16,Эквадор,Джереми Сармьенто,16.06.2002,183,72
20,Эквадор,Джегсон Мендес,26.04.1997,180,70
21,Эквадор,Алан Франко,21.08.1998,176,67
23,Эквадор,Мойсес Кайседо,02.11.2001,178,73
10,Эквадор,Ромарио Ибарра,24.09.1994,174,76
11,Эквадор,Микаэль Эстрада,07.04.1996,184,78
13,Эквадор,Эннер Валенсия,04.11.1989,179,79
19,Эквадор,Гонсало Плата,01.11.2000,178,64
24,Эквадор,Джоркаефф Реаско,18.01.1999,172,0
26,Эквадор,Кевин Родригес,04.03.2000,190,0
0,Япония,Сюити Гонда,03.03.1989,187,83
0,Япония,Дэниэл Шмидт,03.02.1992,197,88
1,Япония,Эйджи Кавасима,20.03.1983,185,82
0,Япония,Юто Нагатомо,12.09.1986,170,65
0,Япония,Хироки Сакаи,12.04.1990,183,70
0,Япония,Майя Йосида,24.08.1988,189,79
0,Япония,Ватару Эндо,09.02.1993,178,73
0,Япония,Хироки Ито,12.05.1999,188,78
0,Япония,Мики Яманэ,22.12.1993,178,0
0,Япония,Сего Танигути,15.07.1991,183,0
4,Япония,Ко Итакура,27.01.1997,186,75
16,Япония,Такэхиро Томиясу,05.11.1998,188,78
0,Япония,Рицу Доан,16.06.1998,172,70
0,Япония,Хидэмаса Морита,10.05.1995,177,75
0,Япония,Ао Танака,10.09.1998,180,69
0,Япония,Каору Митома,20.05.1997,178,72
7,Япония,Гаку Сибасаки,28.05.1992,175,62
21,Япония,Такэфуса Кубо,04.06.2001,173,67
0,Япония,Дайчи Камада,05.08.1996,180,72
0,Япония,Юки Сома,25.02.1997,166,0
0,Япония,Такума Асано,10.11.1994,171,70
0,Япония,Такуми Минамино,16.01.1995,174,68
0,Япония,Дзюня Ито,09.03.1993,176,68
0,Япония,Сюто Матино,30.09.1999,185,0
9,Япония,Дайзен Маеда,20.10.1997,173,67
13,Япония,Аясе Уэда,28.08.1998,180,72
1,Иран,Алиреза Бейранванд,21.09.1992,196,85
12,Иран,Пайям Ниазманд,06.04.1995,194,84
22,Иран,Амир Абедзаде,26.04.1993,186,86
24,Иран,Хоссейн Хоссейни,30.06.1992,189,0
2,Иран,Садег Мохаррами,01.03.1996,179,70
4,Иран,Шоджа Хализаде,14.05.1989,183,0
5,Иран,Милад Мохаммади,29.09.1993,178,79
8,Иран,Мортеза Пуралиганджи,19.04.1992,185,79
13,Иран,Хусейн Канаани,23.03.1994,0,0
15,Иран,Рузбех Чешми,24.07.1993,190,83
19,Иран,Маджид Хоссейни,20.06.1996,183,78
23,Иран,Рамин Резаян,21.03.1990,185,80
25,Иран,Аболфазл Джалали,26.06.1998,177,0
18,Иран,Али Карими,11.02.1994,186,75
3,Иран,Эхсан Хаджсафи,25.02.1990,176,68
6,Иран,Эззатоллахи,01.10.1996,183,75
11,Иран,Вахид Амири,02.04.1988,183,79
16,Иран,Мехди Тораби,10.09.1994,185,71
17,Иран,Али Голизаде,10.03.1996,176,72
21,Иран,Ахмад Нуроллахи,01.02.1993,185,0
7,Иран,Джаханбакш,11.08.1993,181,78
9,Иран,Мехди Тареми,18.07.1992,187,80
10,Иран,Карим Ансарифард,03.04.1990,185,85
14,Иран,Саман Годдос,06.09.1993,176,75
20,Иран,Сердар Азмун,01.01.1995,187,83
1,Нидерланды,Ремко Пасвеер,08.11.1983,188,88
13,Нидерланды,Юстин Бейло,22.01.1998,188,83
23,Нидерланды,Андрис Нопперт,07.04.1994,203,94
2,Нидерланды,Юрриен Тимбер,17.06.2001,179,75
3,Нидерланды,Маттейс де Лигт,12.08.1999,189,89
4,Нидерланды,ван Дейк,08.07.1991,193,80
5,Нидерланды,Натан Аке,18.02.1995,180,73
6,Нидерланды,Стефан де Врей,05.02.1992,189,78
16,Нидерланды,Тирелл Маласия,17.08.1999,173,67
17,Нидерланды,Дейли Блинд,09.03.1990,176,72
22,Нидерланды,Дензел Дюмфрис,18.04.1996,189,81
26,Англия,Джереми Фримпонг,10.12.2000,172,64
20,Нидерланды,Тен Коопмейнерс,28.02.1998,184,78
21,Нидерланды,Френки де Йонг,12.05.1997,180,74
15,Нидерланды,Мартен де Рон,29.03.1991,185,76
24,Нидерланды,Кеннет Тейлор,16.05.2002,178,70
25,Нидерланды,Хави Симонс,21.04.2003,166,70
10,Нидерланды,Мемфис Депай,13.02.1994,176,78
12,Нидерланды,Ноа Ланг,17.06.1999,178,74
7,Нидерланды,Стевен Бергвейн,08.10.1997,178,78
8,Нидерланды,Гакпо,07.05.1999,179,76
9,Нидерланды,Люк де Йонг,27.08.1990,188,87
11,Нидерланды,Стивен Бергхейс,19.12.1991,183,75
14,Нидерланды,Дави Классен,21.02.1993,179,70
18,Нидерланды,Винсент Янссен,15.06.1994,180,79
19,Нидерланды,Ваут Вегорст,07.08.1992,197,84
1,Катар,Саад Аль-Шееб,19.02.1990,185,79
21,Катар,Юсуф Хассан,24.05.1996,186,76
22,Катар,Мешааль Баршам,14.02.1998,180,0
2,Катар,Ро-Ро,08.06.1990,188,76
3,Катар,Абделькарим Хассан,28.08.1993,186,79
5,Катар,Тарек Сальман,05.12.1997,179,68
13,Катар,Мусаб Ходер,01.01.1993,174,0
14,Катар,Хомам Ахмед,25.08.1999,186,0
15,Катар,Бассам Аль-Рави,16.12.1997,175,68
23,Катар,Ассим Мадибо,22.10.1996,168,73
25,Катар,Джассем Габер,20.02.2002,0,0
4,Катар,Мохаммед Абдулвахаб,18.09.1999,183,0
20,Катар,Салем Аль-Хайри,10.04.1996,183,75
6,Катар,Абдулазиз Хатем,01.01.1990,182,76
12,Катар,Карим Будьяф,16.09.1990,190,88
16,Катар,Буалем Хухи,09.07.1990,183,76
26,Катар,Тарек Машаал,28.03.2001,0,0
8,Катар,Али Ассадалла,01.01.1970,175,0
17,Катар,Исмаил Мохаммед,05.04.1990,168,0
18,Катар,Мазид,24.02.1998,174,0
24,Катар,Наиф Аль-Хадрами,01.01.1970,0,0
7,Катар,Ахмед Алаэльдин,31.01.1993,180,67
9,Катар,Мохаммед Мунтари,20.12.1993,194,0
10,Катар,Хассан Аль-Хаидос,11.12.1990,174,65
11,Катар,Афиф Ак.,18.11.1996,177,69
19,Катар,Альмоэз Али,19.08.1996,184,68
1,Англия,Джордан Пикфорд,07.03.1994,185,77
13,Англия,Ник Поуп,19.04.1992,191,76
23,Англия,Аарон Рэмсдейл,14.05.1998,188,80
2,Англия,Кайл Уокер,28.05.1990,178,70
3,Англия,Люк Шоу,12.07.1995,185,75
5,Англия,Джон Стоунз,28.05.1994,188,70
6,Англия,Гарри Магуайр,05.03.1993,188,79
12,Англия,Киран Триппьер,19.09.1990,173,71
15,Англия,Эрик Дайер,15.01.1994,188,63
16,Англия,Конор Коуди,25.02.1993,186,80
18,Англия,Трент Александер-Арнольд,07.10.1998,175,69
21,Англия,Бен Уайт,08.11.1997,185,78
26,Англия,Конор Галлахер,06.02.2000,182,71
4,Англия,Деклан Райс,14.01.1999,185,80
7,Англия,Джек Грилиш,10.09.1995,175,69
8,Англия,Джордан Хендерсон,17.06.1990,182,67
10,Англия,Рахим Стерлинг,08.12.1994,170,69
14,Англия,Кэлвин Филлипс,02.12.1995,178,72
17,Англия,Букайо Сака,05.09.2001,178,70
19,Англия,Мэйсон Маунт,10.01.1999,178,70
20,Англия,Филип Фоден,28.05.2000,180,74
22,Англия,Джуд Беллингхем,29.06.2003,181,62
25,Англия,Джеймс Мэддисон,23.11.1996,175,73
9,Англия,Гарри Кейн,28.07.1993,183,65
11,Англия,Маркус Рэшфорд,31.10.1997,180,73
24,Англия,Каллум Уилсон,27.02.1992,180,66
1,Польша,Войцех Щенсны,18.04.1990,195,84
12,Польша,Лукаш Скорупски,05.05.1991,187,84
22,Польша,Камиль Грабара,08.01.1999,190,75
3,Польша,Артур Енджейчик,04.11.1987,189,78
4,Польша,Матеуш Вьетеска,11.02.1997,187,77
5,Польша,Ян Беднарек,12.04.1996,189,77
6,Польша,Крыстян Белик,04.01.1998,189,78
10,Польша,Гжегож Крыховяк,29.01.1990,186,83
14,Польша,Якуб Кивиор,15.02.2000,182,70
15,Польша,Камил Глик,03.02.1988,190,80
18,Польша,Бартош Берешиньски,12.07.1992,183,77
25,Польша,Роберт Гумны,04.06.1998,175,70
2,Польша,Мэтти Кэш,07.08.1997,185,80
8,Польша,Дамиан Шиманьски,16.06.1995,181,70
13,Польша,Якуб Каминьски,05.06.2002,178,68
17,Польша,Шимон Журковски,25.09.1997,183,82
19,Польша,Себастьян Шиманьски,10.05.1999,174,58
20,Польша,Пётр Зелински,20.05.1994,177,64
24,Польша,Пшемыслав Франковски,12.04.1995,176,70
26,Польша,Михал Скураш,15.02.2000,172,64
21,Польша,Никола Залевски,21.01.2002,175,60
7,Польша,Аркадиуш Милик,28.02.1994,186,78
9,Польша,Роберт Левандовски,21.08.1988,184,80
11,Польша,Камил Гросицки,08.06.1988,180,78
16,Польша,Кароль Швидерски,23.01.1997,184,77
23,Польша,Кшиштоф Пёнтек,01.05.1995,183,77
1,Швейцария,Ян Зоммер,17.12.1988,183,77
12,Швейцария,Йонас Омлин,10.01.1994,189,80
21,Швейцария,Грегор Кобель,06.12.1997,196,88
21,Швейцария,Филипп Кёхн,02.04.1998,191,75
0,Швейцария,Фабиан Ридер,16.02.2002,173,64
3,Швейцария,Сильван Видмер,05.03.1993,183,79
4,Швейцария,Нико Эльведи,30.09.1996,188,83
5,Швейцария,Мануэль Аканджи,19.07.1995,187,91
13,Швейцария,Рикардо Родригес,25.08.1992,180,72
17,Швейцария,Эрай Джюмерт,04.02.1998,183,80
22,Швейцария,Фабиан Шер,20.12.1991,188,84
0,Швейцария,Михел Эбишер,06.01.1997,182,73
0,Швейцария,Фабиан Фрай,08.01.1989,183,80
0,Швейцария,Ренато Штеффен,03.11.1991,170,68
6,Швейцария,Денис Закария,20.11.1996,191,85
8,Швейцария,Ремо Фройлер,15.04.1992,180,80
9,Швейцария,Ноа Окафор,24.05.2000,185,85
10,Швейцария,Гранит Джака,27.09.1992,186,80
15,Швейцария,Джибриль Соу,06.02.1997,184,77
19,Швейцария,Ардон Джасари,30.07.2002,181,81
20,Швейцария,Эдимилсон Фернандеш,15.04.1996,187,77
23,Швейцария,Джердан Шакири,10.10.1991,169,72
7,Швейцария,Брель Эмболо,14.02.1997,184,71
9,Швейцария,Харис Сеферович,22.02.1992,185,83
11,Швейцария,Рубен Варгас,05.08.1998,174,67
16,Швейцария,Кристиан Фасснахт,11.11.1993,185,74
1,Франция,Уго Льорис,26.12.1986,188,78
16,Франция,Стив Манданда,28.03.1985,185,82
23,Франция,Альфонс Ареоля,27.03.1993,195,94
2,Франция,Бенжамен Павар,28.03.1996,186,76
3,Франция,Аксель Дисаси,11.03.1998,190,86
4,Франция,Рафаэль Варан,25.04.1993,191,81
5,Франция,Жюль Кунде,12.11.1998,178,70
17,Франция,Вильям Салиба,24.03.2001,193,78
18,Франция,Дайо Упамекано,27.10.1998,186,90
21,Франция,Эрнандес Л-Ф.,14.02.1996,182,78
22,Франция,Тео Эрнандес,06.10.1997,184,81
24,Франция,Ибраима Конате,25.05.1999,194,95
13,Франция,Юссуф Фофана,10.01.1999,184,74
6,Франция,Маттео Гендузи,14.04.1999,184,80
8,Франция,Орельен Тчуамени,27.01.2000,185,73
14,Франция,Адриен Рабьо,03.04.1995,188,71
15,Франция,Жордан Верету,01.03.1993,177,67
20,Франция,Кингсли Коман,13.06.1996,179,75
25,Франция,Эдуардо Камавинга,10.11.2002,182,72
7,Франция,Антуан Гризманн,21.03.1991,176,73
9,Франция,Оливье Жиру,30.09.1986,193,91
10,Франция,Килиан Мбаппе,20.12.1998,178,73
11,Франция,Усман Дембеле,15.05.1997,178,67
12,Франция,Коло Муани,05.12.1998,187,73
19,Франция,Карим Бензема,19.12.1987,185,81
26,Франция,Маркус Тюрам,06.08.1997,188,79
1,Уэльс,Уэйн Хеннесси,24.01.1987,198,90
12,Уэльс,Дэнни Уорд,22.06.1993,191,88
21,Уэльс,Адам Дэвис,17.07.1992,185,75
2,Уэльс,Гантер,21.07.1989,180,71
3,Уэльс,Неко Уильямс,13.04.2001,176,70
4,Уэльс,Бен Дэвис,24.04.1993,180,70
6,Уэльс,Джозеф Родон,22.10.1997,193,0
14,Уэльс,Коннор Робертс,23.09.1995,175,71
17,Уэльс,Локьер,03.12.1994,184,72
22,Уэльс,Крис Мефам,05.11.1997,191,85
24,Уэльс,Бенджамин Кабанго,30.05.2000,188,81
7,Уэльс,Джо Аллен,14.03.1990,168,65
8,Уэльс,Мэттью Смит,22.11.1999,175,70
9,Уэльс,Бреннан Джонсон,23.05.2001,181,71
10,Уэльс,Аарон Рэмзи,26.12.1990,178,76
15,Уэльс,Итан Ампаду,14.09.2000,183,78
16,Уэльс,Джозефф Моррелл,03.01.1997,186,77
18,Уэльс,Джонатан Уильямс,09.10.1993,165,65
20,Уэльс,Дэниэл Джеймс,10.11.1997,171,76
23,Уэльс,Дилан Левитт,17.11.2000,180,74
25,Уэльс,Рубин Колвилл,27.04.2002,183,75
8,Уэльс,Харри Уилсон,22.03.1997,173,70
11,Уэльс,Гарет Бэйл,16.07.1989,185,82
13,Уэльс,Киффер Мур,08.08.1992,196,83
19,Уэльс,Марк Харрис,29.12.1998,182,75
22,Уэльс,Сорба Томас,22.08.1999,180,75
0,Гана,Ибрагим Данлад,02.12.2002,0,0
1,Гана,Нурудеен,08.02.1999,190,76
12,Гана,Лоуренс Ати-Зиги,29.11.1996,189,80
0,Бельгия,Денис Одои,27.05.1988,178,72
0,Гана,Джозеф Айду,29.09.1995,180,80
0,Бенин,Мохаммед Салису,17.10.1999,187,82
0,Гана,Гидеон Менса,18.07.1998,177,64
0,Англия,Тарик Лэмпти,30.09.2000,175,69
0,Гана,Алиду Сейду,04.06.2000,173,68
17,Гана,Рахман Баба,02.07.1994,185,73
23,Гана,Александер Джику,09.08.1994,182,81
18,Гана,Дэниел Амарти,21.12.1994,186,79
0,Франция,Элиша Овусу,07.11.1997,179,62
0,Гана,Камал Совах,09.01.2000,179,66
0,Гана,Салис Абдул-Самед,26.03.2000,180,61
5,Гана,Партей Т.,13.06.1993,185,77
0,Гана,Фатаву,08.03.2004,180,73
10,Гана,Андре Айю,17.12.1989,176,74
20,Гана,Мохаммед Кудус,02.08.2000,177,70
22,Гана,Сулемана,15.02.2002,174,69
0,Испания,Иньяки Уильямс,15.06.1994,186,79
0,Англия,Антуан Семеньо,07.01.2000,183,77
0,Гана,Осман Букари,13.12.1998,170,68
0,Гана,Даниэль Африйи,26.06.2001,0,0
8,Гана,Даниэль-Кофи Кьере,08.03.1996,179,73
9,Гана,Джордан Айю,11.09.1991,182,80
1,Бразилия,Алисон Бекер,02.10.1992,193,91
12,Бразилия,Вевертон,13.12.1987,187,91
23,Бразилия,Эдерсон,17.08.1993,188,86
0,Бразилия,Даниэл Алвес,06.05.1983,173,70
0,Бразилия,Алекс Теллес,15.12.1992,181,69
0,Бразилия,Глейсон Бремер,18.03.1997,188,80
2,Бразилия,Данило,15.07.1991,184,74
3,Бразилия,Тьяго Силва,22.09.1984,184,80
4,Бразилия,Маркиньос,14.05.1994,183,75
6,Бразилия,Алекс Сандро,26.01.1991,180,78
14,Бразилия,Эдер Милитао,18.01.1998,186,78
15,Бразилия,Фабиньо,23.10.1993,188,78
0,Бразилия,Гимарайнш Б.,16.11.1997,182,74
5,Бразилия,Каземиро,23.02.1992,185,84
11,Бразилия,Эвертон Рибейро,10.04.1989,179,70
17,Бразилия,Лукас Пакета,27.08.1997,180,72
0,Бразилия,Рафинья,14.12.1996,176,58
8,Бразилия,Фред,05.03.1993,169,62
0,Бразилия,Габриэль Мартинелли,18.06.2001,177,69
0,Бразилия,Родриго,09.01.2001,174,64
0,Бразилия,Педро Аб.,20.06.1997,185,78
0,Бразилия,Антони М.,24.02.2000,172,0
7,Бразилия,Ришарлисон,10.05.1997,179,71
9,Бразилия,Габриэл Жезус,03.04.1997,177,73
10,Бразилия,Неймар,05.02.1992,175,68
18,Бразилия,Винисиус Жуниор,12.07.2000,176,73
0,Южная Корея,Ким Сынгю,30.09.1990,187,76
12,Южная Корея,Бом Гын,15.10.1997,0,0
21,Южная Корея,Чо Хёну,25.09.1991,189,85
0,Южная Корея,Ким Джин Су,13.06.1992,176,67
0,Южная Корея,Ким М.Ч.,15.11.1996,190,78
0,Южная Корея,Юн Чон Гю,20.03.1998,0,0
14,Южная Корея,Хон Чхоль,17.09.1990,176,76
19,Южная Корея,Ким Ёнгвон,27.02.1990,184,74
0,Южная Корея,Чон Уён,14.12.1989,186,82
0,Южная Корея,Ким Мун Хван,01.01.1970,0,0
6,Южная Корея,Хван Ин Бом,20.09.1996,177,70
8,Южная Корея,Пэк Сын Хо,17.03.1997,182,68
10,Южная Корея,Ли Джэсон,10.08.1992,180,70
13,Южная Корея,Сон Джун Хо,12.05.1992,0,0
20,Южная Корея,Кён Вон,31.01.1992,0,0
22,Южная Корея,Квон,30.06.1994,173,71
23,Южная Корея,Ким Тэ Хван,24.07.1989,0,0
24,Южная Корея,Чо Ю-мин,17.11.1996,0,0
25,Южная Корея,Чон У Ён,20.09.1999,179,74
18,Южная Корея,Ли Канин,19.02.2001,173,68
7,Южная Корея,Сон Хынмин,08.07.1992,183,79
9,Южная Корея,Чо Ге Сон,25.01.1998,0,0
11,Южная Корея,Хван Хичхан,26.01.1996,177,77
16,Южная Корея,Хван Уй-дзё,28.08.1992,184,73
17,Южная Корея,На Сан Хо,12.08.1996,0,0
26,Южная Корея,Сон Мин Гю,12.09.1999,0,0
1,Испания,Санчес Ро.,18.11.1997,197,90
13,Испания,Давид Рая,15.09.1995,187,87
23,Испания,Унаи Симон,11.06.1997,190,89
2,Испания,Сесар Аспиликуэта,28.08.1989,178,78
3,Испания,Эрик Гарсия,09.01.2001,182,72
4,Испания,Пау Торрес,16.01.1997,191,80
14,Испания,Алехандро Бальде,18.10.2003,175,69
15,Испания,Уго Гильямон,31.01.2000,178,62
18,Испания,Жорди Альба,21.03.1989,170,68
20,Испания,Карвахаль,11.01.1992,173,74
22,Испания,Пабло Сарабия,11.05.1992,176,72
24,Испания,Эмерик Лапорт,27.05.1994,189,85
5,Испания,Серхио Бускетс,16.07.1988,189,76
6,Испания,Маркос Льоренте,30.01.1995,184,74
8,Испания,Коке,08.01.1992,176,77
9,Испания,Гави,05.08.2004,173,68
10,Испания,Марко Асенсио,21.01.1996,182,76
16,Испания,Родри,22.06.1996,190,78
17,Испания,Йереми Пино,20.10.2002,193,79
19,Испания,Солер,02.01.1997,180,76
21,Испания,Ольмо,07.05.1998,179,68
7,Испания,Альваро Мората,23.10.1992,190,84
11,Испания,Ферран Торрес,29.02.2000,184,77
12,Испания,Нико Уильямс,12.07.2002,180,67
25,Испания,Ансу Фати,31.10.2002,178,75
26,Испания,Педри,25.11.2002,174,61
1,Сербия,Марко Дмитрович,24.01.1992,194,88
1,Сербия,Марко Илич,03.02.1998,191,81
12,Сербия,Предраг Райкович,31.10.1995,191,84
23,Сербия,Ваня Милинкович-Савич,20.02.1997,202,92
2,Сербия,Страхиня Павлович,24.05.2001,186,81
3,Сербия,Филип Младенович,15.08.1991,180,65
4,Сербия,Никола Миленкович,12.10.1997,195,92
4,Сербия,Срджан Бабич,22.04.1996,195,86
5,Сербия,Страхиня Эракович,22.01.2001,184,77
13,Сербия,Стефан Митрович,22.05.1990,189,84
15,Сербия,Милош Велькович,26.09.1995,188,85
14,Сербия,Урош Рачич,17.03.1998,193,81
6,Сербия,Неманья Максимович,26.01.1995,189,78
8,Сербия,Неманья Гудель,16.11.1991,187,81
16,Сербия,Марко Груич,13.04.1996,191,86
16,Сербия,Саша Лукич,13.08.1996,183,77
20,Сербия,Сергей Милинкович-Савич,27.02.1995,191,76
21,Сербия,Филип Джуричич,30.01.1992,181,75
22,Сербия,Дарко Лазович,15.09.1990,181,66
7,Сербия,Неманья Радоньич,15.02.1996,178,74
9,Сербия,Александар Митрович,16.09.1994,189,90
10,Сербия,Душан Тадич,20.11.1988,181,76
14,Сербия,Андрия Живкович,11.07.1996,170,66
17,Сербия,Филип Костич,01.11.1992,184,82
18,Сербия,Лука Йович,23.12.1997,182,85
18,Сербия,Душан Влахович,28.01.2000,190,80
1,Мексика,Альфредо Талавера,18.09.1982,188,88
12,Мексика,Родольфо Кота,03.07.1987,183,86
13,Мексика,Гильермо Очоа,13.07.1985,183,80
2,Мексика,Нестор Араухо,29.08.1991,188,87
3,Мексика,Сесар Монтес,24.02.1997,191,0
4,Мексика,Эдсон Альварес,24.10.1997,186,72
5,Мексика,Хоан Васкес,22.10.1998,182,72
6,Мексика,Херардо Артеага,07.09.1998,176,61
15,Мексика,Эктор Морено,17.01.1988,182,80
19,Мексика,Санчес Хорхе,10.12.1997,175,0
26,Мексика,Кевин Альварес,15.01.1999,176,0
24,Мексика,Луис Чавес,15.01.1996,178,0
7,Мексика,Луис Ромо,05.06.1995,183,0
8,Мексика,Карлос Родригес,03.01.1997,170,0
14,Мексика,Эрик Гутьеррес,15.06.1995,179,71
16,Мексика,Эктор Эррера,19.04.1990,185,80
17,Мексика,Орбелин Пинеда,24.03.1996,169,63
18,Мексика,Андрес Гуардадо,28.09.1986,169,60
22,Мексика,Ирвинг Лосано,30.07.1995,177,70
23,Мексика,Хесус Гальярдо,15.08.1994,177,74
10,Мексика,Алексис Вега,25.11.1997,173,0
25,Мексика,Роберто Альварадо,07.09.1998,176,0
9,Мексика,Рауль Хименес,05.05.1991,190,76
11,Мексика,Фунес Мори,05.03.1991,186,0
20,Мексика,Энри Мартин,18.11.1992,180,0
21,Мексика,Антуна,21.08.1997,174,59
1,Дания,Каспер Шмейхель,05.11.1986,185,76
16,Дания,Оливер Кристенсен,22.03.1999,190,82
16,Дания,Даниэль Иверсен,19.07.1997,193,80
22,Дания,Фредерик Реннов,04.08.1992,190,79
22,Дания,Петер Виндахль-Йенсен,16.02.1998,185,71
2,Дания,Йоаким Андерсен,31.05.1996,192,90
3,Дания,Янник Вестергор,03.08.1992,199,96
4,Дания,Симон Кьер,26.03.1989,190,86
6,Дания,Николай Бойлесен,16.02.1992,185,75
6,Дания,Андреас Кристенсен,10.04.1996,187,82
13,Дания,Расмус Кристинсен,11.07.1997,186,74
5,Дания,Йоаким Меле,20.05.1997,184,79
19,Дания,Винд,07.02.1999,186,76
4,Дания,Виктор Нельссон,14.10.1998,185,75
7,Дания,Матиас Йенсен,01.01.1996,178,74
8,Дания,Томас Дилейни,03.09.1991,182,79
10,Дания,Кристиан Эриксен,14.02.1992,182,71
11,Дания,Сков Ольсен,29.12.1999,176,70
14,Дания,Миккель Дамсгор,03.07.2000,176,70
15,Дания,Кристиан Нёргор,10.03.1994,185,85
15,Дания,Филип Биллинг,11.06.1996,193,83
17,Дания,Йенс Ларсен,21.02.1991,180,74
18,Дания,Даниэль Васс,31.05.1989,181,74
19,Дания,Роберт Сков,20.05.1996,185,78
19,Дания,Йеспер Линдстрем,29.02.2000,182,66
19,Дания,Каспер М. Нильсен,29.04.1994,182,71
23,Дания,Пьер Хейбьерг,05.08.1995,185,84
9,Дания,Мартин Брэйтуэйт,05.06.1991,177,73
12,Дания,Каспер Дольберг,06.10.1997,186,75
20,Дания,Юссуф Поульсен,15.06.1994,192,84
20,Дания,Расмус Хойлунд,04.02.2003,185,73
21,Дания,Андреас Корнелиус,16.03.1993,193,91
21,Дания,Бах А.,09.12.1997,183,79
